{"cameraMode":{"drawMode":0,"name":"Shaded","section":"Shading Mode"},"sceneLighting":true,"audioPlay":false,"sceneViewState":{"showFog":true,"showMaterialUpdate":false,"showSkybox":true,"showFlares":true,"showImageEffects":true,"showParticleSystems":true,"showVisualEffectGraphs":true,"m_FxEnabled":true},"in2DMode":false,"pivot":{"x":436.1442565917969,"y":252.26199340820313,"z":3.28387451171875},"rotation":{"x":0.030300283804535867,"y":0.011989934369921685,"z":-0.00034158461494371295,"w":0.9994143843650818},"size":273.1470947265625,"orthographic":false}